Symbol,Name Arabic,Current Price (EGP),Change %,Fair Value (EGP),Fair Value Upside %,Signal,RSI (14),SMA20,SMA50,Support (EGP),Resistance (EGP),Entry Zone Min (EGP),Entry Zone Max (EGP),Target 1 (EGP),Target 2 - Fair Value (EGP),Stop Loss (EGP),Sharia Status,Last Update Time
ORAS,"أوراسكوم كونستراكشون",712.2,-0.79,1068.3,50,NEUTRAL,50.42,704.34,724.54,455.3,890.8,704.44,719.97,743.26,1068.3,688.91,Halal - Sharia Compliant,٣٠‏/٧‏/٢٠٢٦، ٦:٣٨:٤٢ م
ORWE,"النساجون الشرقيون",22.6,-1.31,33.9,50,NEUTRAL,43.4,22.88,22.94,20.56,24.87,22.43,22.78,23.3,33.9,22.08,Halal - Sharia Compliant,٣٠‏/٧‏/٢٠٢٦، ٦:٣٨:٤٢ م
ETEL,"المصرية للاتصالات",103.6,-3,155.4,50,BUY,62.41,99.59,96.42,58.34,130.92,102.1,105.09,109.58,155.4,99.11,Halal - Sharia Compliant,٣٠‏/٧‏/٢٠٢٦، ٦:٣٨:٤٢ م
GGRN,"جو جرين للاستثمار الزراعي والتنمية",1.5,-1.96,2.25,50,BUY,51.59,1.46,1.49,0.72,2.57,1.48,1.52,1.6,2.25,1.43,Halal - Sharia Compliant,٣٠‏/٧‏/٢٠٢٦، ٦:٣٨:٤٢ م
MOIL,"الخدمات الملاحية والبترولية",0.68,0.44,1.02,50,BUY,90.29,0.57,0.51,0.45,0.8,0.67,0.69,0.72,1.02,0.65,Halal - Sharia Compliant,٣٠‏/٧‏/٢٠٢٦، ٦:٣٨:٤٢ م
DGTZ,"ديجيتايز للاستثمار والتقنية",2.65,-2.21,3.97,49.81,BUY,50.95,2.63,2.62,0.38,6.95,2.6,2.69,2.83,3.97,2.51,Halal - Sharia Compliant,٣٠‏/٧‏/٢٠٢٦، ٦:٣٨:٤٢ م
MPCI,"ممفيس للأدوية والصناعات الكيماوية",290,-1.36,417.23,43.87,BUY,74.61,258.88,235.85,260,285,284.44,295.56,312.22,417.23,273.33,Halal - Sharia Compliant,٣٠‏/٧‏/٢٠٢٦، ٦:٣٨:٤٢ م
FTNS,"فتنس برايم للاندية الصحية",1.35,6.3,1.83,35.56,BUY,60.96,1.26,1.2,1.05,1.71,1.32,1.38,1.47,1.83,1.26,Halal - Sharia Compliant,٣٠‏/٧‏/٢٠٢٦، ٦:٣٨:٤٢ م
PHDC,"بالم هيلز للتعمير",14.5,-0.75,19.61,35.24,NEUTRAL,44.65,14.79,14.85,8.85,18.29,14.29,14.71,15.32,19.61,13.88,Halal - Sharia Compliant,٣٠‏/٧‏/٢٠٢٦، ٦:٣٨:٤٢ م
ELNA,"النصر لتصنيع الحاصلات الزراعية",37.54,-1.73,48.27,28.58,NEUTRAL,43.83,38.48,38.99,28.87,48.95,36.84,38.24,40.36,48.27,35.42,Halal - Sharia Compliant,٣٠‏/٧‏/٢٠٢٦، ٦:٣٨:٤٢ م
ISPH,"ابن سينا فارما",11.37,-1.13,14.36,26.3,NEUTRAL,42.19,11.54,11.77,9.43,13.52,11.24,11.5,11.89,14.36,10.98,Halal - Sharia Compliant,٣٠‏/٧‏/٢٠٢٦، ٦:٣٨:٤٢ م
EFIC,"المالية والصناعية المصرية",198,-2.17,249.85,26.19,NEUTRAL,57.71,187.43,198.05,160.27,237.77,194.24,201.76,213.04,249.85,186.72,Halal - Sharia Compliant,٣٠‏/٧‏/٢٠٢٦، ٦:٣٨:٤٢ م
SKPC,"سيدى كرير للبتروكيماويات",15.71,-1.5,19.55,24.44,NEUTRAL,42.82,16.05,16.49,13.29,19.03,15.52,15.91,16.49,19.55,15.13,Halal - Sharia Compliant,٣٠‏/٧‏/٢٠٢٦، ٦:٣٨:٤٢ م
ICFC,"الدولية للأسمدة والكيماويات",15.5,-0.9,19.18,23.74,NEUTRAL,54.72,15.25,15.36,12.94,18.63,15.3,15.7,16.3,19.18,14.9,Halal - Sharia Compliant,٣٠‏/٧‏/٢٠٢٦، ٦:٣٨:٤٢ م
MOED,"المصرية لنظم التعليم الحديثة",0.68,-2.87,0.84,23.53,BUY,37.53,0.71,0.71,0.41,0.97,0.67,0.69,0.72,0.84,0.65,Halal - Sharia Compliant,٣٠‏/٧‏/٢٠٢٦، ٦:٣٨:٤٢ م
EDFM,"مطاحن شرق الدلتا",386.16,0.83,476.49,23.39,BUY,68.7,362.87,345.58,278.77,481.77,376.25,396.08,425.82,476.49,356.42,Halal - Sharia Compliant,٣٠‏/٧‏/٢٠٢٦، ٦:٣٨:٤٢ م
MKIT,"المصرية الكويتية للاستثمار والتجارة",2.72,-0.73,3.26,19.85,NEUTRAL,41.57,2.76,2.83,2.1,3.86,2.69,2.76,2.86,3.26,2.62,Halal - Sharia Compliant,٣٠‏/٧‏/٢٠٢٦، ٦:٣٨:٤٢ م
IFAP,"الدولية للمحاصيل الزراعية",19.51,-1.01,23.28,19.32,NEUTRAL,50.21,19.48,19.6,15.47,24.42,19.29,19.73,20.39,23.28,18.85,Halal - Sharia Compliant,٣٠‏/٧‏/٢٠٢٦، ٦:٣٨:٤٢ م
AMOC,"الإسكندرية للزيوت المعدنية",8.91,6.96,10.52,18.07,BUY,70.42,8.17,8.14,7.1,10.29,8.8,9.02,9.33,10.52,8.6,Halal - Sharia Compliant,٣٠‏/٧‏/٢٠٢٦، ٦:٣٨:٤٢ م
AMPI,"نوفيدا للاستثمار والتكنولوجيا",2.95,-2.32,3.48,17.97,BUY,55.44,2.88,2.69,2.13,3.92,2.89,3.02,3.21,3.48,2.76,Halal - Sharia Compliant,٣٠‏/٧‏/٢٠٢٦، ٦:٣٨:٤٢ م
UEFM,"مطاحن مصر العليا",538.1,-2.17,628.14,16.73,BUY,59.55,520.6,495.18,417.07,642.06,526.49,549.72,584.56,628.14,503.25,Halal - Sharia Compliant,٣٠‏/٧‏/٢٠٢٦، ٦:٣٨:٤٢ م
ELKA,"القاهرة للاسكان والتعمير",1.69,-7.65,1.95,15.38,BUY,49.36,1.77,1.45,1.02,2.31,1.64,1.74,1.91,2.02,1.52,Halal - Sharia Compliant,٣٠‏/٧‏/٢٠٢٦، ٦:٣٨:٤٢ م
GGCC,"الجيزة العامة للمقاولات والاستثمار العقاري",0.83,-1.19,0.95,14.46,NEUTRAL,71.82,0.71,0.53,0.44,1.08,0.8,0.85,0.93,0.98,0.75,Halal - Sharia Compliant,٣٠‏/٧‏/٢٠٢٦، ٦:٣٨:٤٢ م
ATQA,"مصر الوطنية للصلب",9.78,-2.69,11.18,14.31,NEUTRAL,52.55,9.69,9.65,7.61,12.09,9.65,9.9,10.28,11.18,9.4,Halal - Sharia Compliant,٣٠‏/٧‏/٢٠٢٦، ٦:٣٨:٤٢ م
BIGP,"سهم بى اى جى للتجارة والاستثمار",0.28,5.68,0.32,14.29,NEUTRAL,53.75,0.28,0.22,0.15,0.4,0.27,0.29,0.32,0.34,0.25,Halal - Sharia Compliant,٣٠‏/٧‏/٢٠٢٦، ٦:٣٨:٤٢ م
LCSW,"ليسيكو",34.29,-1.32,37.87,10.44,NEUTRAL,62.18,32.5,29.49,25.74,39.92,33.34,35.24,38.09,39.99,31.44,Halal - Sharia Compliant,٣٠‏/٧‏/٢٠٢٦، ٦:٣٨:٤٢ م
APSW,"العربية وبولفارا للغزل والنسيج",8.75,-2.13,9.38,7.2,NEUTRAL,50.03,8.72,8.74,6.96,11.09,8.59,8.91,9.39,9.71,8.27,Halal - Sharia Compliant,٣٠‏/٧‏/٢٠٢٦، ٦:٣٨:٤٢ م
NCCW,"النصر للأعمال المدنية",6.9,-2.27,7.38,6.96,NEUTRAL,61,6.57,6.18,4.47,9.04,6.77,7.03,7.42,7.68,6.51,Halal - Sharia Compliant,٣٠‏/٧‏/٢٠٢٦، ٦:٣٨:٤٢ م
BIOC,"جلاكسو سميثكلاين",239.76,20,255.31,6.49,NEUTRAL,90.9,109.71,87.17,108.41,305.44,232.56,246.96,268.56,282.96,218.16,Halal - Sharia Compliant,٣٠‏/٧‏/٢٠٢٦، ٦:٣٨:٤٢ م
SMFR,"سماد مصر",233.47,0.27,247.72,6.1,NEUTRAL,61.78,221.96,211.32,171.98,285.98,227.38,239.56,257.83,270.01,215.2,Halal - Sharia Compliant,٣٠‏/٧‏/٢٠٢٦، ٦:٣٨:٤٢ م
EGAS,"غاز مصر",52.77,1.27,55.71,5.57,NEUTRAL,57.7,51.61,50.61,42.85,58.85,51.83,53.72,56.55,58.44,49.94,Halal - Sharia Compliant,٣٠‏/٧‏/٢٠٢٦، ٦:٣٨:٤٢ م
HBCO,"هيبكو للاستثمارات التجارية والتنمية العقارية",8.5,2.04,8.97,5.53,NEUTRAL,65.69,7.13,6.12,4.29,10.91,8.18,8.82,9.78,10.42,7.54,Halal - Sharia Compliant,٣٠‏/٧‏/٢٠٢٦، ٦:٣٨:٤٢ م
CEFM,"مطاحن مصر الوسطى",135.08,-0.2,142,5.12,NEUTRAL,66.89,115.58,109.54,76.15,173,130.36,139.81,153.98,163.43,120.91,Halal - Sharia Compliant,٣٠‏/٧‏/٢٠٢٦، ٦:٣٨:٤٢ م
MILS,"مطاحن ومخابز شمال القاهرة",190.3,-1.14,200.05,5.12,NEUTRAL,67.83,153.47,143.64,93.87,249.12,183.36,197.25,218.08,231.97,169.47,Halal - Sharia Compliant,٣٠‏/٧‏/٢٠٢٦، ٦:٣٨:٤٢ م
ZEOT,"الزيوت المستخلصة ومنتجاتها",12.18,-1.77,12.78,4.93,NEUTRAL,64.92,11.57,10.49,6.21,15.84,11.92,12.44,13.22,13.74,11.4,Halal - Sharia Compliant,٣٠‏/٧‏/٢٠٢٦، ٦:٣٨:٤٢ م
SPIN,"الإسكندرية للغزل والنسيج (سبينالكس)",15.74,0.77,16.51,4.89,NEUTRAL,65.26,14.91,14.47,10.87,19.25,15.45,16.03,16.9,17.48,14.87,Halal - Sharia Compliant,٣٠‏/٧‏/٢٠٢٦، ٦:٣٨:٤٢ م
CRST,"كريستمارك للمقاولات والتطوير العقاري",1.91,2.69,2,4.71,NEUTRAL,71.13,1.6,1.38,0.76,2.54,1.86,1.96,2.11,2.21,1.76,Halal - Sharia Compliant,٣٠‏/٧‏/٢٠٢٦، ٦:٣٨:٤٢ م
ADCI,"العربية للأدوية والصناعات الكيماوية",251.7,-1.99,263.24,4.58,NEUTRAL,61.04,244,231.44,162.13,305.13,247.21,256.19,269.66,278.64,238.23,Halal - Sharia Compliant,٣٠‏/٧‏/٢٠٢٦، ٦:٣٨:٤٢ م
SCEM,"اسمنت سيناء.",80.1,-4.76,83.67,4.46,NEUTRAL,65.63,70.97,66.69,51.35,98.42,78.42,81.78,86.82,90.18,75.06,Halal - Sharia Compliant,٣٠‏/٧‏/٢٠٢٦، ٦:٣٨:٤٢ م
CAED,"القاهرة للخدمات التعليمية",125.11,-2.64,130.68,4.45,NEUTRAL,69.07,100.58,83.7,60.17,166.52,120.14,130.09,145.01,154.96,110.19,Halal - Sharia Compliant,٣٠‏/٧‏/٢٠٢٦، ٦:٣٨:٤٢ م
AJWA,"مجموعة اجواء للصناعات الغذائية - مصر",191.12,-0.34,199.63,4.45,NEUTRAL,68.98,179.58,163.35,119.11,236.56,186.28,195.97,210.5,220.19,176.59,Halal - Sharia Compliant,٣٠‏/٧‏/٢٠٢٦، ٦:٣٨:٤٢ م
MPCO,"المنصورة للدواجن",1.94,-1.52,2.02,4.12,NEUTRAL,59.04,1.87,1.8,1.28,2.33,1.9,1.98,2.1,2.18,1.82,Halal - Sharia Compliant,٣٠‏/٧‏/٢٠٢٦، ٦:٣٨:٤٢ م
INFI,"الاسماعيلية الوطنية للصناعات الغذائية",106.68,-0.15,110.95,4,BUY,64.41,101.57,100.05,71.72,127.07,104.67,108.69,114.72,118.74,100.65,Halal - Sharia Compliant,٣٠‏/٧‏/٢٠٢٦، ٦:٣٨:٤٢ م
AMES,"الاسكندرية للخدمات الطبية المركز الطبي الجديد",120.03,-2.34,124.83,4,NEUTRAL,63.65,101.58,71.55,41.41,171.79,114.72,125.34,141.27,151.89,104.1,Halal - Sharia Compliant,٣٠‏/٧‏/٢٠٢٦، ٦:٣٨:٤٢ م
OCPH,"اكتوبر فارما",463.77,0.17,482.32,4,NEUTRAL,73.18,410.63,377.96,220.32,602.01,452.79,474.75,507.69,529.65,430.83,Halal - Sharia Compliant,٣٠‏/٧‏/٢٠٢٦، ٦:٣٨:٤٢ م
INEG,"المجموعة المتكاملة للاعمال الهندسية",0.52,-2.8,0.54,3.85,NEUTRAL,60.96,0.47,0.44,0.35,0.67,0.51,0.54,0.58,0.61,0.48,Halal - Sharia Compliant,٣٠‏/٧‏/٢٠٢٦، ٦:٣٨:٤٢ م
CIRA,"القاهره للإستثمار و التنمية العقاريه سيرا للتعليم",34.95,-3.59,36.19,3.55,NEUTRAL,70.38,31.55,28.94,20.09,43.37,34.17,35.73,38.07,39.63,32.61,Halal - Sharia Compliant,٣٠‏/٧‏/٢٠٢٦، ٦:٣٨:٤٢ م
RREI,"الاستثمار العقاري العربي",4.6,-7.63,4.76,3.48,NEUTRAL,68.59,3.93,3.69,2.8,5.69,4.49,4.71,5.02,5.23,4.28,Halal - Sharia Compliant,٣٠‏/٧‏/٢٠٢٦، ٦:٣٨:٤٢ م
AIFI,"اطلس للاستثمار والصناعات الغذائية",2.16,-0.46,2.23,3.24,NEUTRAL,56.74,2.13,1.99,1.29,2.74,2.13,2.2,2.3,2.37,2.06,Halal - Sharia Compliant,٣٠‏/٧‏/٢٠٢٦، ٦:٣٨:٤٢ م
AMER,"مجموعة عامر القابضة",4.5,-4.46,4.64,3.11,NEUTRAL,75.92,3.62,3.01,2.17,5.81,4.38,4.62,4.98,5.22,4.14,Halal - Sharia Compliant,٣٠‏/٧‏/٢٠٢٦، ٦:٣٨:٤٢ م
OCDI,"السادس من اكتوبر للتنمية والاستثمار",28.03,-0.32,28.9,3.1,NEUTRAL,64.14,27.24,24.08,18.69,33.29,27.57,28.5,29.89,30.82,26.64,Halal - Sharia Compliant,٣٠‏/٧‏/٢٠٢٦، ٦:٣٨:٤٢ م
ISMA,"الاسماعيلية مصر للدواجن",30.68,-3.52,31.63,3.1,NEUTRAL,63.19,28.69,28.13,14.97,41.42,30.02,31.34,33.32,34.64,28.7,Halal - Sharia Compliant,٣٠‏/٧‏/٢٠٢٦، ٦:٣٨:٤٢ م
IEEC,"المشروعات الصناعية والهندسية",0.65,-4.56,0.67,3.08,NEUTRAL,64.38,0.61,0.51,0.39,0.84,0.64,0.67,0.71,0.74,0.6,Halal - Sharia Compliant,٣٠‏/٧‏/٢٠٢٦، ٦:٣٨:٤٢ م
MAAL,"مرسيليا المصرية الخليجية للاستثمار العقارى",8.84,-0.23,9.11,3.05,NEUTRAL,80.98,8.37,6.81,4.98,10.81,8.7,8.98,9.4,9.68,8.42,Halal - Sharia Compliant,٣٠‏/٧‏/٢٠٢٦، ٦:٣٨:٤٢ م
MBEG,"إم بي للهندسة والمقاولات",4.26,-2.96,4.39,3.05,NEUTRAL,57.2,4.14,3.94,2.78,5.37,4.17,4.35,4.62,4.8,3.99,Halal - Sharia Compliant,٣٠‏/٧‏/٢٠٢٦، ٦:٣٨:٤٢ م
CPCI,"القاهرة للادوية والصناعات الكيماوية",462.99,-0.86,476.32,2.88,NEUTRAL,68.23,440.8,393.57,263.33,587.33,453.63,472.36,500.45,519.18,434.89,Halal - Sharia Compliant,٣٠‏/٧‏/٢٠٢٦، ٦:٣٨:٤٢ م
SWDY,"السويدى إليكتريك",93,-2.05,95.48,2.67,NEUTRAL,57.76,91.12,89.04,70.85,106.32,91.98,94.02,97.08,99.12,89.94,Halal - Sharia Compliant,٣٠‏/٧‏/٢٠٢٦، ٦:٣٨:٤٢ م
MOSC,"مصر للزيوت والصابون",285.19,-0.63,292.19,2.45,NEUTRAL,53.83,281.34,279.53,161.53,374.42,278.08,292.3,313.63,327.85,263.86,Halal - Sharia Compliant,٣٠‏/٧‏/٢٠٢٦، ٦:٣٨:٤٢ م
EFIH,"اي فاينانس للاستثمارات المالية والرقمية",22.65,-1.48,23.1,1.99,NEUTRAL,54.24,22.46,21.83,15.03,27.13,22.31,22.99,24.01,24.69,21.63,Halal - Sharia Compliant,٣٠‏/٧‏/٢٠٢٦، ٦:٣٨:٤٢ م
AXPH,"الاسكندرية للادوية والصناعات الكيماوية",1213.99,0.08,1235.33,1.76,NEUTRAL,59.33,1210.66,1160.96,738.36,1516.26,1191.88,1236.1,1302.41,1346.62,1147.67,Halal - Sharia Compliant,٣٠‏/٧‏/٢٠٢٦، ٦:٣٨:٤٢ م
EPPK,"الأهرام للطباعة والتغليف",14.99,-2.6,15.25,1.73,NEUTRAL,56.28,14.8,13.42,10.37,17.77,14.62,15.36,16.47,17.21,13.88,Halal - Sharia Compliant,٣٠‏/٧‏/٢٠٢٦، ٦:٣٨:٤٢ م
NDRL,"الحفر الوطنية",4.69,0,4.77,1.71,NEUTRAL,50.84,4.65,4.51,4.38,5.31,4.5,4.89,5.47,5.86,4.11,Halal - Sharia Compliant,٣٠‏/٧‏/٢٠٢٦، ٦:٣٨:٤٢ م
CCRS,"الخليجية الكندية للاستثمار العقاري العربي",2.56,-0.78,2.6,1.56,NEUTRAL,55.31,2.51,2.44,1.59,3.15,2.5,2.62,2.78,2.89,2.4,Halal - Sharia Compliant,٣٠‏/٧‏/٢٠٢٦، ٦:٣٨:٤٢ م
EPCO,"المصرية للدواجن",10.5,-2.6,10.66,1.52,NEUTRAL,57.4,10.1,9.5,6.87,13.19,10.26,10.74,11.46,11.94,9.78,Halal - Sharia Compliant,٣٠‏/٧‏/٢٠٢٦، ٦:٣٨:٤٢ م
ETRS,"المصرية لخدمات النقل",10.68,0.28,10.82,1.31,NEUTRAL,53.97,10.82,9.86,6.92,13.11,10.5,10.86,11.38,11.73,10.15,Halal - Sharia Compliant,٣٠‏/٧‏/٢٠٢٦، ٦:٣٨:٤٢ م
PRDC,"بايونيرز بروبرتيز للتنمية العمرانية",9.15,-3.28,9.25,1.09,NEUTRAL,56.47,8.99,7.45,4.66,12.02,8.88,9.42,10.21,10.74,8.36,Halal - Sharia Compliant,٣٠‏/٧‏/٢٠٢٦، ٦:٣٨:٤٢ م
ENGC,"الصناعات الهندسية المعمارية للانشاء و التعمير",41.27,-3.66,41.72,1.09,NEUTRAL,55.5,40.95,37.25,27.69,49.87,40.42,42.12,44.67,46.37,38.72,Halal - Sharia Compliant,٣٠‏/٧‏/٢٠٢٦، ٦:٣٨:٤٢ م
CLHO,"شركة مستشفى كليوباترا",16.6,-1.48,16.78,1.08,NEUTRAL,53.45,16.55,16.09,10.44,20.33,16.32,16.88,17.72,18.28,15.76,Halal - Sharia Compliant,٣٠‏/٧‏/٢٠٢٦، ٦:٣٨:٤٢ م
GTWL,"جولدن تكس للاصواف",101.3,-0.79,102.19,0.88,NEUTRAL,62.02,101.68,72.34,50.4,135.54,97.48,105.12,116.58,124.22,89.84,Halal - Sharia Compliant,٣٠‏/٧‏/٢٠٢٦، ٦:٣٨:٤٢ م
ARCC,"العربية للأسمنت",56.1,-0.99,56.47,0.66,NEUTRAL,50.33,55.98,56.12,40.61,66,55.46,56.74,58.66,59.94,54.18,Halal - Sharia Compliant,٣٠‏/٧‏/٢٠٢٦، ٦:٣٨:٤٢ م
MISR,"مصر انتركونتننتال لصناعة الجرانيت والرخام",5.51,0,5.54,0.54,NEUTRAL,48.33,5.61,5.41,5.3998,5.69,5.45,5.57,5.75,5.87,5.33,Halal - Sharia Compliant,٣٠‏/٧‏/٢٠٢٦، ٦:٣٨:٤٢ م
ARAB,"المطورون العرب القابضة",0.24,-2.06,0.24,0,NEUTRAL,53.68,0.24,0.22,0.16,0.29,0.23,0.24,0.26,0.27,0.22,Halal - Sharia Compliant,٣٠‏/٧‏/٢٠٢٦، ٦:٣٨:٤٢ م
GMCI,"مجموعة جى إم سى للاستثمارات الصناعية والتجارية والمالية",1.98,-2.46,1.98,0,NEUTRAL,51.32,2.03,1.85,1.35,2.43,1.93,2.03,2.18,2.28,1.83,Halal - Sharia Compliant,٣٠‏/٧‏/٢٠٢٦، ٦:٣٨:٤٢ م
SPMD,"شركة سبيد ميديكال",0.45,-1.53,0.45,0,NEUTRAL,55.21,0.45,0.43,0.34,0.52,0.45,0.46,0.47,0.48,0.43,Halal - Sharia Compliant,٣٠‏/٧‏/٢٠٢٦، ٦:٣٨:٤٢ م
GTEX,"جيتكس للاستثمارات التجارية والصناعية",0.04,-2.7,0.04,0,NEUTRAL,54.63,0.04,0.03,0.03,0.0408,0.04,0.04,0.04,0.04,0.04,Halal - Sharia Compliant,٣٠‏/٧‏/٢٠٢٦، ٦:٣٨:٤٢ م
MCQE,"مصر للأسمنت - قنا",182.43,-0.32,182.43,0,NEUTRAL,50.57,181.01,182.94,99.13,235.6,179.93,184.93,192.43,197.43,174.93,Halal - Sharia Compliant,٣٠‏/٧‏/٢٠٢٦، ٦:٣٨:٤٢ م
GOUR,"جورميه ايجيبت دوت كوم للأغذية",14.2,-2,14.18,-0.14,NEUTRAL,54.55,14.21,13.36,8.93,17.43,13.92,14.47,15.3,15.85,13.38,Halal - Sharia Compliant,٣٠‏/٧‏/٢٠٢٦، ٦:٣٨:٤٢ م
PRCL,"العامة لمنتجات الخزف والصيني",34.5,-3.63,34.42,-0.23,NEUTRAL,54.04,35.51,29.47,16.94,45.16,33.7,35.3,37.68,39.27,32.12,Halal - Sharia Compliant,٣٠‏/٧‏/٢٠٢٦، ٦:٣٨:٤٢ م
NEDA,"شمال الصعيد للتنمية والانتاج الزراعى",2.74,0.74,2.72,-0.73,NEUTRAL,43.2,2.81,2.78,2.16,3.28,2.7,2.78,2.9,2.98,2.62,Halal - Sharia Compliant,٣٠‏/٧‏/٢٠٢٦، ٦:٣٨:٤٢ م
RACC,"راية لخدمات مراكز الاتصالات",9.99,-1.28,9.88,-1.1,NEUTRAL,48.33,10.13,9.96,7.29,12.42,9.86,10.12,10.51,10.77,9.6,Halal - Sharia Compliant,٣٠‏/٧‏/٢٠٢٦، ٦:٣٨:٤٢ م
RUBX,"روبكس العالميه لتصنيع البلاستيك والاكريلك",12.44,-2.81,12.27,-1.37,NEUTRAL,47.67,13.27,11.59,8.75,15.49,12.12,12.76,13.72,14.36,11.48,Halal - Sharia Compliant,٣٠‏/٧‏/٢٠٢٦، ٦:٣٨:٤٢ م
MBSC,"مصر بنى سويف للأسمنت",243.89,-0.85,240.12,-1.55,NEUTRAL,46.08,243.24,255.45,157.93,315.92,241.16,246.61,254.79,260.24,235.71,Halal - Sharia Compliant,٣٠‏/٧‏/٢٠٢٦، ٦:٣٨:٤٢ م
ALUM,"الالومنيوم العربية",22.82,-1.55,22.41,-1.8,NEUTRAL,47.09,23,23.41,15.07,28.51,22.47,23.17,24.22,24.92,21.77,Halal - Sharia Compliant,٣٠‏/٧‏/٢٠٢٦، ٦:٣٨:٤٢ م
LUTS,"لوتس للتنمية والاستثمار الزراعي",0.54,-3.89,0.53,-1.85,NEUTRAL,41.13,0.58,0.54,0.4,0.65,0.53,0.55,0.58,0.6,0.51,Halal - Sharia Compliant,٣٠‏/٧‏/٢٠٢٦، ٦:٣٨:٤٢ م
COSG,"القاهرة للزيوت والصابون",1.61,-3.59,1.58,-1.86,NEUTRAL,45.34,1.65,1.6,1.28,1.9,1.59,1.64,1.71,1.76,1.54,Halal - Sharia Compliant,٣٠‏/٧‏/٢٠٢٦، ٦:٣٨:٤٢ م
AREH,"المجموعة المصرية العقاري",1.4,-2.78,1.37,-2.14,NEUTRAL,38.29,1.53,1.48,0.93,1.81,1.36,1.43,1.54,1.61,1.29,Halal - Sharia Compliant,٣٠‏/٧‏/٢٠٢٦، ٦:٣٨:٤٢ م
SVCE,"جنوب الوادي للاسمنت",9.13,-1.3,8.93,-2.19,NEUTRAL,46.78,9.38,9.2,5.85,11.28,8.99,9.28,9.71,10,8.7,Halal - Sharia Compliant,٣٠‏/٧‏/٢٠٢٦، ٦:٣٨:٤٢ م
EFID,"ايديتا للصناعات الغذائية",27.24,0.52,26.51,-2.68,NEUTRAL,43,27.89,28.02,17.47,34.76,26.93,27.55,28.48,29.1,26.31,Halal - Sharia Compliant,٣٠‏/٧‏/٢٠٢٦، ٦:٣٨:٤٢ م
POUL,"القاهرة للدواجن",37.73,-0.19,36.71,-2.7,NEUTRAL,45.29,38.9,37.74,23.07,46.93,37.15,38.31,40.05,41.21,35.99,Halal - Sharia Compliant,٣٠‏/٧‏/٢٠٢٦، ٦:٣٨:٤٢ م
MTIE,"ام.ام جروب للصناعة والتجارة العالمية",9.4,-1.67,9.12,-2.98,NEUTRAL,52.35,9.44,9.21,6.81,11.18,9.28,9.52,9.88,10.12,9.04,Halal - Sharia Compliant,٣٠‏/٧‏/٢٠٢٦، ٦:٣٨:٤٢ م
VERT,"فرتيكا للصناعة والتجارة",7.43,-3.13,6.32,-14.94,NEUTRAL,41.44,7.96,7.48,2.58,11.42,7.22,7.64,8.27,8.69,6.8,Halal - Sharia Compliant,٣٠‏/٧‏/٢٠٢٦، ٦:٣٨:٤٢ م
RMDA,"العاشر من رمضان - راميدا",5.28,1.15,4.49,-14.96,NEUTRAL,64.26,5.05,5.06,3.74,6.1,5.21,5.35,5.54,5.67,5.08,Halal - Sharia Compliant,٣٠‏/٧‏/٢٠٢٦، ٦:٣٨:٤٢ م
FNAR,"الفنار للمقاولات العمومية والإنشاءات والتجارة والاستيراد والتصدير",13.03,-0.31,11.08,-14.97,NEUTRAL,59.28,12.79,11.56,5.95,17.46,12.78,13.28,14.03,14.53,12.28,Halal - Sharia Compliant,٣٠‏/٧‏/٢٠٢٦، ٦:٣٨:٤٢ م
EGAL,"مصر للألومنيوم",296.19,-0.6,251.76,-15,NEUTRAL,46.47,297.94,305.78,183.13,377.12,293.11,299.27,308.51,314.67,286.95,Halal - Sharia Compliant,٣٠‏/٧‏/٢٠٢٦، ٦:٣٨:٤٢ م
JUFO,"جهينة للصناعات الغذائية",28.67,-0.17,24.37,-15,NEUTRAL,39.7,29.77,29.68,21.86,33.89,28.31,29.03,30.11,30.83,27.59,Halal - Sharia Compliant,٣٠‏/٧‏/٢٠٢٦، ٦:٣٨:٤٢ م
OBRI,"العبور للأستثمار العقارى",32.4,-4.42,27.54,-15,NEUTRAL,34.85,35.57,35.37,13.12,48.71,31.69,33.11,35.24,36.66,30.27,Halal - Sharia Compliant,٣٠‏/٧‏/٢٠٢٦، ٦:٣٨:٤٢ م
NIPH,"النيل للادوية والصناعات الكيماوية - النيل",224,-0.44,190.4,-15,NEUTRAL,69.82,201.21,178.52,86.03,301.99,218.88,229.12,244.46,254.69,208.66,Halal - Sharia Compliant,٣٠‏/٧‏/٢٠٢٦، ٦:٣٨:٤٢ م
EALR,"العربية لاستصلاح الاراضي",391.98,6.82,333.18,-15,NEUTRAL,64.96,366.2,360.78,138.99,595.99,382.1,401.86,431.5,451.26,362.34,Halal - Sharia Compliant,٣٠‏/٧‏/٢٠٢٦، ٦:٣٨:٤٢ م
DOMT,"الصناعات الغذائية العربية",26.5,-0.11,22.52,-15.02,NEUTRAL,48.7,26.87,26.08,21.46,29.68,26.23,26.77,27.58,28.12,25.69,Halal - Sharia Compliant,٣٠‏/٧‏/٢٠٢٦، ٦:٣٨:٤٢ م
CERA,"العربية للخزف سيراميكا -ريماس",1.26,-3.08,1.07,-15.08,NEUTRAL,44.21,1.31,1.24,0.97,1.5,1.24,1.28,1.34,1.38,1.2,Halal - Sharia Compliant,٣٠‏/٧‏/٢٠٢٦، ٦:٣٨:٤٢ م
KRDI,"نهر الخير للتنمية والأستثمار الزراعى والخدمات البيئية",0.38,-4.55,0.32,-15.79,NEUTRAL,52.65,0.37,0.36,0.31,0.44,0.38,0.39,0.4,0.41,0.36,Halal - Sharia Compliant,٣٠‏/٧‏/٢٠٢٦، ٦:٣٨:٤٢ م